stn,date,temperature,wind_speed,precipitation
725030,2020-12-31,45.8,9.8,0.1
744860,2020-12-31,44.1,9.9,0.06
725030,2020-12-30,35.2,8.7,0
744860,2020-12-30,32.5,8.3,0
725030,2020-12-29,42.1,13.6,0
744860,2020-12-29,39.7,13.8,0
725030,2020-12-28,42.9,5.3,0
744860,2020-12-28,41.1,8.6,0
725030,2020-12-27,31.6,8,0
744860,2020-12-27,29.5,9,0
725030,2020-12-26,31.1,14.5,0.22
744860,2020-12-26,29.5,18.7,0.22
725030,2020-12-25,56.4,19.9,0.69
744860,2020-12-25,53.5,21.7,0.49
725030,2020-12-24,50.1,11.9,0
744860,2020-12-24,49.4,14.6,0
725030,2020-12-23,42.4,9.1,0
744860,2020-12-23,40.1,9.2,0
725030,2020-12-22,43,10.1,0
744860,2020-12-22,39.5,10.1,0
725030,2020-12-21,40.9,3.5,0.01
744860,2020-12-21,36.6,4.5,0.08
725030,2020-12-20,34.8,3.7,0
744860,2020-12-20,32.3,4.1,0
725030,2020-12-19,29,5.1,0
744860,2020-12-19,25.7,6.1,0
725030,2020-12-18,30.1,9.7,0.04
744860,2020-12-18,27.1,11.3,0.06
725030,2020-12-17,30.4,19.1,0.65
744860,2020-12-17,29.7,19.9,0.81
725030,2020-12-16,31.5,13.9,0
744860,2020-12-16,29.7,12.5,0
725030,2020-12-15,38.5,13.7,0.23
744860,2020-12-15,36.7,14.1,0.28
725030,2020-12-14,44.3,7.9,0
744860,2020-12-14,42.7,7.9,0
725030,2020-12-13,55.8,8.2,0
744860,2020-12-13,52.2,9.4,0
725030,2020-12-12,49.6,5.3,0
744860,2020-12-12,47.9,6.3,0
725030,2020-12-11,46.8,5.5,0
744860,2020-12-11,42.3,7,0
725030,2020-12-10,43.6,11.2,0.02
744860,2020-12-10,41.3,12.2,0.01
725030,2020-12-09,36.3,11.1,0
744860,2020-12-09,34.4,12.7,0
725030,2020-12-08,34.8,12.2,0
744860,2020-12-08,32.9,12.2,0
725030,2020-12-07,37.3,9.5,0
744860,2020-12-07,35.2,8.3,0
725030,2020-12-06,40.7,18.8,0.38
744860,2020-12-06,39,17.4,0.35
725030,2020-12-05,46.3,11.5,0.76
744860,2020-12-05,44.5,13.4,0.88
725030,2020-12-04,49.9,9.1,0
744860,2020-12-04,47.5,10.2,0
725030,2020-12-03,43.2,10.1,0
744860,2020-12-03,40.9,12.6,0
725030,2020-12-02,41.8,14.6,0
744860,2020-12-02,40.7,19.8,0
725030,2020-12-01,55.7,11.3,1.23
744860,2020-12-01,53.4,15.1,1.14
725030,2020-11-30,55.9,12.1,0
744860,2020-11-30,54.5,14.5,0
725030,2020-11-29,49,6.2,0
744860,2020-11-29,45.2,7.5,0
725030,2020-11-28,53.8,7.2,0
744860,2020-11-28,50.7,6.7,0
725030,2020-11-27,58.9,4.3,0.21
744860,2020-11-27,52.9,5.8,0.08
725030,2020-11-26,58.8,6.8,0.67
744860,2020-11-26,57,10.6,0.39
725030,2020-11-25,49.7,6.1,0
744860,2020-11-25,47.3,6.6,0
725030,2020-11-24,46.4,12.1,0.18
744860,2020-11-24,44.3,11.4,0.25
725030,2020-11-23,55.7,13.9,0.5
744860,2020-11-23,54,14.3,0.51
725030,2020-11-22,50.2,11.1,0
744860,2020-11-22,49.9,11.4,0
725030,2020-11-21,59.3,7.4,0
744860,2020-11-21,54.3,7.8,0
725030,2020-11-20,52.5,9.1,0
744860,2020-11-20,49.5,11.5,0
725030,2020-11-19,38.6,8.5,0
744860,2020-11-19,36.3,8.3,0
725030,2020-11-18,37.6,17.6,0
744860,2020-11-18,35.6,18.2,0
725030,2020-11-17,48.6,10.4,0
744860,2020-11-17,45.7,9.6,0
725030,2020-11-16,54.5,16.3,0.13
744860,2020-11-16,52.9,18.8,0.34
725030,2020-11-15,50,10,0
744860,2020-11-15,47.2,11.5,0
725030,2020-11-14,50.6,10.7,0.12
744860,2020-11-14,48.2,9.5,0.12
725030,2020-11-13,49.6,8.4,0.18
744860,2020-11-13,48.7,7.9,0.19
725030,2020-11-12,60.9,8.3,0.77
744860,2020-11-12,58.7,10.1,1.02
725030,2020-11-11,66.1,6,0
744860,2020-11-11,61.6,9,0
725030,2020-11-10,65.5,6.5,0
744860,2020-11-10,59.4,5.9,0
725030,2020-11-09,63,2.7,0
744860,2020-11-09,56.4,2.7,0
725030,2020-11-08,66.2,2.6,0
744860,2020-11-08,58.5,3.8,0
725030,2020-11-07,65.8,3.9,0
744860,2020-11-07,58.4,6.7,0
725030,2020-11-06,62.1,5.5,0
744860,2020-11-06,56.1,6.3,0
725030,2020-11-05,58.9,7.9,0
744860,2020-11-05,54.2,6.9,0
725030,2020-11-04,51,6.8,0
744860,2020-11-04,48.9,8.2,0
725030,2020-11-03,47.3,15.7,0
744860,2020-11-03,46.8,19.2,0
725030,2020-11-02,45.3,19.8,0.43
744860,2020-11-02,44.4,19.6,0.61
725030,2020-11-01,50.4,8.7,0
744860,2020-11-01,50.3,11.1,0
725030,2020-10-31,40.4,5.6,0.22
744860,2020-10-31,39.4,6.4,0.18
725030,2020-10-30,43.6,14.3,1.99
744860,2020-10-30,43.7,15.4,1.45
725030,2020-10-29,54.8,10,0.11
744860,2020-10-29,53.9,9.4,0.1
725030,2020-10-28,55.8,4.8,0.05
744860,2020-10-28,55,4.6,0.04
725030,2020-10-27,57.8,5.6,0.03
744860,2020-10-27,58.2,5,0.06
725030,2020-10-26,54.6,8.8,0.02
744860,2020-10-26,54.3,8.4,0.07
725030,2020-10-25,51.3,10.6,0
744860,2020-10-25,50.3,9.5,0
725030,2020-10-24,65.3,7.4,0
744860,2020-10-24,64,6.8,0
725030,2020-10-23,66.2,5,0
744860,2020-10-23,64.3,4.7,0.01
725030,2020-10-22,66.8,2.6,0
744860,2020-10-22,64.3,3.3,0
725030,2020-10-21,65,5.5,0
744860,2020-10-21,62.7,3.8,0.01
725030,2020-10-20,64.2,4.9,0.01
744860,2020-10-20,62,4.7,0
725030,2020-10-19,59.4,5,0
744860,2020-10-19,56.8,6.6,0
725030,2020-10-18,56.8,4.5,0.03
744860,2020-10-18,52.9,7.5,0.15
725030,2020-10-17,53.8,8.9,1.46
744860,2020-10-17,52.5,9.1,1.69
725030,2020-10-16,61,8.4,0
744860,2020-10-16,60.2,11,0
725030,2020-10-15,64.9,9.8,0
744860,2020-10-15,61.8,11.5,0
725030,2020-10-14,61.1,8.1,0.13
744860,2020-10-14,59.3,9.9,0.06
725030,2020-10-13,57.2,14.8,0.9
744860,2020-10-13,57.7,13.8,0.88
725030,2020-10-12,55.8,14.9,0.19
744860,2020-10-12,54.7,13.5,0.3
725030,2020-10-11,67.2,9.1,0
744860,2020-10-11,65.7,9.4,0
725030,2020-10-10,66,10.1,0
744860,2020-10-10,63.6,11.2,0
725030,2020-10-09,61,5.8,0
744860,2020-10-09,58.2,6.3,0
725030,2020-10-08,61.9,14,0.02
744860,2020-10-08,61.8,15.2,0
725030,2020-10-07,67.6,10.9,0
744860,2020-10-07,65.9,14.5,0
725030,2020-10-06,64.3,6.2,0
744860,2020-10-06,61.9,6.2,0.07
725030,2020-10-05,62.4,6.3,0
744860,2020-10-05,60.6,6.5,0
725030,2020-10-04,60.7,6.9,0
744860,2020-10-04,58.4,5.7,0
725030,2020-10-03,61.6,7.5,0.01
744860,2020-10-03,59.9,8.4,0.04
725030,2020-10-02,63.6,7.4,0.02
744860,2020-10-02,62.6,7.8,0
725030,2020-10-01,67.3,8.7,0.88
744860,2020-10-01,65.8,11.2,0.45
725030,2020-09-30,68.9,13.5,1.19
744860,2020-09-30,68.1,15.6,0.58
725030,2020-09-29,71.7,8.4,0.02
744860,2020-09-29,69.7,9.7,0.04
725030,2020-09-28,73.6,10.1,0.04
744860,2020-09-28,71.1,11.8,0.1
725030,2020-09-27,72.6,5.4,0
744860,2020-09-27,70.6,3.9,0
725030,2020-09-26,71,6.5,0
744860,2020-09-26,67.8,6,0
725030,2020-09-25,71.4,4.2,0
744860,2020-09-25,66.5,5.7,0
725030,2020-09-24,72.8,4.9,0
744860,2020-09-24,67.3,4.5,0
725030,2020-09-23,69.8,10.7,0
744860,2020-09-23,68.4,11.1,0
725030,2020-09-22,62.8,9,0
744860,2020-09-22,59.7,9.7,0
725030,2020-09-21,59.3,8,0
744860,2020-09-21,56,8.3,0
725030,2020-09-20,58.6,11,0
744860,2020-09-20,56.5,10.2,0
725030,2020-09-19,59.1,11.6,0
744860,2020-09-19,58.2,13.6,0
725030,2020-09-18,68.8,10.1,0
744860,2020-09-18,67.9,10.5,0.04
725030,2020-09-17,71.2,7,0
744860,2020-09-17,68.9,7.9,0
725030,2020-09-16,65.7,6.6,0
744860,2020-09-16,62.8,6.6,0
725030,2020-09-15,62.2,9.4,0
744860,2020-09-15,60.9,9.6,0
725030,2020-09-14,74.3,10.9,0
744860,2020-09-14,72.9,10.8,0
725030,2020-09-13,69.7,8.1,0
744860,2020-09-13,67,8.5,0
725030,2020-09-12,68.4,9.4,0
744860,2020-09-12,65.8,9.5,0
725030,2020-09-11,75.9,6.7,0.96
744860,2020-09-11,73.8,7.5,1.36
725030,2020-09-10,78.2,6.2,0.53
744860,2020-09-10,75.3,5.7,0
725030,2020-09-09,75.4,5.7,0
744860,2020-09-09,72.6,4.7,0
725030,2020-09-08,76,6.1,0
744860,2020-09-08,72,4.8,0
725030,2020-09-07,75.4,8.2,0
744860,2020-09-07,72,7.7,0
725030,2020-09-06,75.8,7.7,0
744860,2020-09-06,71.7,9.7,0
725030,2020-09-05,75.5,5.8,0
744860,2020-09-05,72.4,6.9,0
725030,2020-09-04,78.7,7.8,1.16
744860,2020-09-04,77.7,8.6,0.51
725030,2020-09-03,79.9,6.2,0.04
744860,2020-09-03,78,8.5,0.01
725030,2020-09-02,74.8,8,0.01
744860,2020-09-02,73.3,8.3,0.06
725030,2020-09-01,73.7,7.4,0.18
744860,2020-09-01,72.4,9.2,0.2
725030,2020-08-31,72,7,0
744860,2020-08-31,69.3,5.8,0
725030,2020-08-30,76.5,13.2,0.01
744860,2020-08-30,74.9,12.6,0.09
725030,2020-08-29,77.8,8.1,0.02
744860,2020-08-29,74.2,9.3,0.04
725030,2020-08-28,80.2,7.9,0.38
744860,2020-08-28,76.8,9.3,0.63
725030,2020-08-27,80.5,8,0.05
744860,2020-08-27,77.1,8.2,0.06
725030,2020-08-26,75.6,12.1,0.36
744860,2020-08-26,74.7,12.9,0.08
725030,2020-08-25,84.8,8.7,0
744860,2020-08-25,82.7,11.7,0
725030,2020-08-24,84.1,6.5,0
744860,2020-08-24,78.7,6.8,0
725030,2020-08-23,82,6.7,0
744860,2020-08-23,76.4,7.6,0
725030,2020-08-22,82.2,7.4,0
744860,2020-08-22,77.5,10.4,0
725030,2020-08-21,78,9,0
744860,2020-08-21,73.8,10.2,0
725030,2020-08-20,74.2,5,0.13
744860,2020-08-20,70.9,5.4,0.34
725030,2020-08-19,74,4.8,0.01
744860,2020-08-19,71.4,4.5,0.01
725030,2020-08-18,75.2,6.8,0.97
744860,2020-08-18,73.1,8.6,0.13
725030,2020-08-17,73.3,7.9,0.1
744860,2020-08-17,70.5,9.6,0.29
725030,2020-08-16,71.9,12.9,0.03
744860,2020-08-16,70.4,11.9,0
725030,2020-08-15,78.4,8.8,0
744860,2020-08-15,75.9,7.9,0
725030,2020-08-14,79.3,7.2,0.11
744860,2020-08-14,78.6,7.3,0
725030,2020-08-13,78.9,5.3,1.49
744860,2020-08-13,77.3,3.4,0.01
725030,2020-08-12,82.7,6.5,0
744860,2020-08-12,78.4,7.4,0.5
725030,2020-08-11,84.6,8.5,0
744860,2020-08-11,77.6,9,0
725030,2020-08-10,84.7,7.2,0
744860,2020-08-10,79.1,9.6,0
725030,2020-08-09,79.8,7.1,0
744860,2020-08-09,75.5,8.3,0
725030,2020-08-08,76.7,4.8,0.22
744860,2020-08-08,74.2,4.2,0.27
725030,2020-08-07,75.7,6.7,0.22
744860,2020-08-07,73.2,5.6,0.12
725030,2020-08-06,78.8,6.1,0
744860,2020-08-06,74.9,5.2,0
725030,2020-08-05,82.4,7.9,0.27
744860,2020-08-05,77.5,9,0.12
725030,2020-08-04,78.6,14,0.53
744860,2020-08-04,76.8,16.2,0.13
725030,2020-08-03,86.1,9.9,0
744860,2020-08-03,81.2,12.3,0
725030,2020-08-02,82.4,11.4,0
744860,2020-08-02,79.6,12.5,0
725030,2020-08-01,81.4,5.5,0.56
744860,2020-08-01,77.7,5.4,0.17
725030,2020-07-31,78,5.9,0.57
744860,2020-07-31,75.7,6.8,0.9
725030,2020-07-30,87.1,6.2,0
744860,2020-07-30,81.2,9,0
725030,2020-07-29,84.5,7,0
744860,2020-07-29,82.4,7.6,0
725030,2020-07-28,89.9,10.3,0
744860,2020-07-28,85.6,11.2,0
725030,2020-07-27,90,8.9,0
744860,2020-07-27,85.2,10.5,0
725030,2020-07-26,86.9,8.5,0
744860,2020-07-26,82.4,10.9,0
725030,2020-07-25,82,4.4,0.26
744860,2020-07-25,77.8,5.3,0.24
725030,2020-07-24,79.5,6.4,0.05
744860,2020-07-24,76.7,6.1,0.16
725030,2020-07-23,81.1,8.2,0.79
744860,2020-07-23,77.2,10,0.53
725030,2020-07-22,84.5,6.8,0.05
744860,2020-07-22,81,6.3,0.16
725030,2020-07-21,87.1,7.2,0
744860,2020-07-21,84.7,7.8,0
725030,2020-07-20,88.7,7.8,0
744860,2020-07-20,84.8,9.9,0
725030,2020-07-19,87.1,8.5,0
744860,2020-07-19,80,9.2,0
725030,2020-07-18,82.5,5.3,0.02
744860,2020-07-18,79.7,4.9,0.06
725030,2020-07-17,75.9,8.2,0.02
744860,2020-07-17,73.2,9.6,0.04
725030,2020-07-16,75.1,8.8,0
744860,2020-07-16,72.5,9.2,0
725030,2020-07-15,77.3,7.8,0
744860,2020-07-15,75.1,7.3,0
725030,2020-07-14,81.1,9,0
744860,2020-07-14,80.3,10,0
725030,2020-07-13,83,7.4,0.05
744860,2020-07-13,80.5,8.7,0
725030,2020-07-12,82.4,9,0.04
744860,2020-07-12,80.2,12.9,0.04
725030,2020-07-11,79.6,12,2.47
744860,2020-07-11,75.7,14.5,2.33
725030,2020-07-10,76.9,11.8,0
744860,2020-07-10,76.1,11.4,0
725030,2020-07-09,83.1,7.1,0.01
744860,2020-07-09,78.2,7.9,0.02
725030,2020-07-08,81,7.6,0
744860,2020-07-08,77.9,9.5,0
725030,2020-07-07,75.3,9.1,0.05
744860,2020-07-07,74.6,9.4,0.03
725030,2020-07-06,83.9,5.9,0
744860,2020-07-06,79.7,5.8,0
725030,2020-07-05,81.2,7.5,0
744860,2020-07-05,77,8.7,0
725030,2020-07-04,75.9,7.4,0.36
744860,2020-07-04,73.7,8,0.42
725030,2020-07-03,84,6.5,0
744860,2020-07-03,82.3,6.4,0
725030,2020-07-02,80,5.1,0
744860,2020-07-02,75.3,5.6,0.06
725030,2020-07-01,74.3,5.4,0
744860,2020-07-01,71.5,4.7,0
725030,2020-06-30,74.1,6.7,0.07
744860,2020-06-30,72.8,7.2,0.02
725030,2020-06-29,79.1,7.2,0.02
744860,2020-06-29,77.4,8.6,0.52
725030,2020-06-28,81.9,4.3,0.25
744860,2020-06-28,77.2,7.3,0.25
725030,2020-06-27,80.5,7.3,0
744860,2020-06-27,74.7,7.9,0
725030,2020-06-26,79.9,7.3,0
744860,2020-06-26,75.6,9.2,0
725030,2020-06-25,81.1,8.2,0
744860,2020-06-25,77.1,8.3,0
725030,2020-06-24,80.5,9.4,0
744860,2020-06-24,78.4,10.8,0
725030,2020-06-23,81.4,9.6,0
744860,2020-06-23,74.9,10.4,0
725030,2020-06-22,82.1,6.5,0
744860,2020-06-22,76.1,9.6,0
725030,2020-06-21,79.4,5.7,0
744860,2020-06-21,73.3,7.1,0
725030,2020-06-20,78.2,6.6,0
744860,2020-06-20,71.2,6.5,0
725030,2020-06-19,74.5,6.8,0
744860,2020-06-19,69.3,6.2,0
725030,2020-06-18,70.1,7.1,0
744860,2020-06-18,67,6.6,0
725030,2020-06-17,70,8.7,0
744860,2020-06-17,66.6,7.9,0
725030,2020-06-16,69.8,6.9,0
744860,2020-06-16,65.7,8.2,0
725030,2020-06-15,68,7.8,0
744860,2020-06-15,64,6.9,0
725030,2020-06-14,65,8.7,0
744860,2020-06-14,63.3,9.6,0
725030,2020-06-13,70.9,8.6,0
744860,2020-06-13,68.2,8.8,0
725030,2020-06-12,77.9,6.8,0.05
744860,2020-06-12,71.5,7.5,0.77
725030,2020-06-11,73.8,10.5,0
744860,2020-06-11,68.3,17,0
725030,2020-06-10,77.6,9.9,0
744860,2020-06-10,71.5,8.4,0
725030,2020-06-09,78.6,6.6,0
744860,2020-06-09,70.5,10,0
725030,2020-06-08,71.4,6.1,0
744860,2020-06-08,68.4,9.5,0
725030,2020-06-07,72.8,11.1,0.1
744860,2020-06-07,71.8,13.2,0.16
725030,2020-06-06,77.4,6.8,0.11
744860,2020-06-06,72.2,7.4,0.46
725030,2020-06-05,75,7.2,0.31
744860,2020-06-05,69.6,9.4,0.43
725030,2020-06-04,77.2,5.5,0.12
744860,2020-06-04,72,7,0.28
725030,2020-06-03,72.6,9,0.07
744860,2020-06-03,68.7,9.9,0.27
725030,2020-06-02,68.4,6.3,0
744860,2020-06-02,64.4,7.9,0
725030,2020-06-01,62,10.8,0
744860,2020-06-01,60.1,10.7,0
725030,2020-05-31,67.4,13.3,0
744860,2020-05-31,66.4,13,0
725030,2020-05-30,72.7,9.2,0.01
744860,2020-05-30,69.2,10.5,0
725030,2020-05-29,71.6,9.1,0
744860,2020-05-29,65.8,12.2,0
725030,2020-05-28,68.4,9.1,0
744860,2020-05-28,63.9,7.4,0.01
725030,2020-05-27,66.6,6.9,0
744860,2020-05-27,61.5,5.5,0
725030,2020-05-26,64.9,5.6,0
744860,2020-05-26,61.2,3.9,0
725030,2020-05-25,60.4,8.7,0.01
744860,2020-05-25,59.8,6.2,0
725030,2020-05-24,58.6,12.1,0.33
744860,2020-05-24,57.3,10.4,0.52
725030,2020-05-23,63.2,7.1,0.01
744860,2020-05-23,62,5.5,0.01
725030,2020-05-22,63.7,6,0
744860,2020-05-22,60,4.5,0
725030,2020-05-21,55.5,6.7,0
744860,2020-05-21,52.5,6.6,0
725030,2020-05-20,57.1,11.5,0
744860,2020-05-20,54.9,12.6,0
725030,2020-05-19,60.4,14.8,0
744860,2020-05-19,60.1,14.5,0
725030,2020-05-18,59.4,7.5,0
744860,2020-05-18,58.6,8.8,0
725030,2020-05-17,61.4,9.2,0
744860,2020-05-17,57.9,7.9,0
725030,2020-05-16,71.8,10.1,0.03
744860,2020-05-16,68,10.6,0.02
725030,2020-05-15,70.3,9,0.01
744860,2020-05-15,62.6,9.5,0.03
725030,2020-05-14,56.7,6.5,0
744860,2020-05-14,52.3,6.8,0
725030,2020-05-13,52.3,10.8,0
744860,2020-05-13,50.6,11.2,0
725030,2020-05-12,51,16.1,0.1
744860,2020-05-12,50.8,16,0.03
725030,2020-05-11,55.7,9.9,0
744860,2020-05-11,52.3,10,0
725030,2020-05-10,50.3,14.1,0.03
744860,2020-05-10,49.1,17.1,0.03
725030,2020-05-09,42.2,18.1,0.41
744860,2020-05-09,41.7,18.3,0.35
725030,2020-05-08,53.1,8.1,0
744860,2020-05-08,52.6,9.6,0
725030,2020-05-07,54.6,7.1,0.03
744860,2020-05-07,52.5,8.4,0.02
725030,2020-05-06,51.7,9.4,0
744860,2020-05-06,49.3,8.5,0
725030,2020-05-05,53.7,12.6,0
744860,2020-05-05,53,14.5,0
725030,2020-05-04,67.1,10.5,0
744860,2020-05-04,63.3,10.2,0.01
725030,2020-05-03,67.5,8.9,0.03
744860,2020-05-03,61.5,9.9,0.11
725030,2020-05-02,61.8,10.6,0.14
744860,2020-05-02,61.6,13.2,0.12
725030,2020-05-01,58.3,9.7,0.73
744860,2020-05-01,55.1,9.1,0.3
725030,2020-04-30,54.7,15.1,0.23
744860,2020-04-30,52.3,20.7,0.18
725030,2020-04-29,51.1,9,0
744860,2020-04-29,48.2,9,0
725030,2020-04-28,50.7,9.4,0
744860,2020-04-28,48.9,11.1,0
725030,2020-04-27,44.9,12.5,0.07
744860,2020-04-27,44.2,15.1,0.17
725030,2020-04-26,49.1,12.7,0
744860,2020-04-26,48.5,10.6,0
725030,2020-04-25,52.4,4,0.2
744860,2020-04-25,49.8,5.4,0.17
725030,2020-04-24,46.7,10.7,0.41
744860,2020-04-24,46,10.7,0.56
725030,2020-04-23,45.4,7.6,0
744860,2020-04-23,43.9,7.2,0
725030,2020-04-22,43.7,17.4,0.33
744860,2020-04-22,43.6,17.8,0.36
725030,2020-04-21,51.9,10.6,0
744860,2020-04-21,48.8,13.3,0
725030,2020-04-20,54,7.3,0
744860,2020-04-20,52.2,9.2,0
725030,2020-04-19,50.1,10.9,0.08
744860,2020-04-19,46.5,13.2,0.05
725030,2020-04-18,44.2,8.2,0.18
744860,2020-04-18,43.9,8.6,0.08
725030,2020-04-17,43.5,12,0
744860,2020-04-17,42.2,12.9,0
725030,2020-04-16,47.2,14.5,0
744860,2020-04-16,45.8,15.6,0
725030,2020-04-15,48.5,11.1,0
744860,2020-04-15,47.6,12.4,0
725030,2020-04-14,55.6,12.5,1.11
744860,2020-04-14,53.9,13.1,0.65
725030,2020-04-13,56.9,15.1,0.61
744860,2020-04-13,53.8,19.9,0.49
725030,2020-04-12,52.5,8.4,0
744860,2020-04-12,49.2,9.4,0
725030,2020-04-11,46.4,13.7,0
744860,2020-04-11,46,16.3,0
725030,2020-04-10,45.3,19.2,0.01
744860,2020-04-10,44.6,20,0
725030,2020-04-09,52.2,10.9,0.26
744860,2020-04-09,49.9,11.2,0.13
725030,2020-04-08,55.2,5.8,0.23
744860,2020-04-08,54.9,8.3,0.18
725030,2020-04-07,57.9,8.2,0
744860,2020-04-07,54.4,8.3,0
725030,2020-04-06,54.6,6.8,0.06
744860,2020-04-06,52.7,6.8,0.06
725030,2020-04-05,51.9,6.1,0
744860,2020-04-05,48.4,5.9,0
725030,2020-04-04,51.6,9.1,0.08
744860,2020-04-04,50.4,11.7,0.01
725030,2020-04-03,49.8,18,0
744860,2020-04-03,49.2,20.4,0
725030,2020-04-02,48.7,14.8,0
744860,2020-04-02,48.6,17.7,0
725030,2020-04-01,45.1,9.8,0.07
744860,2020-04-01,44.5,11,0.02
725030,2020-03-31,44.8,7.4,0.14
744860,2020-03-31,43.2,6.4,0.06
725030,2020-03-30,45.7,8.2,0.01
744860,2020-03-30,45.3,6.6,0.07
725030,2020-03-29,45.2,16.6,0.42
744860,2020-03-29,47.9,10.5,0.39
725030,2020-03-28,49.1,7,0
744860,2020-03-28,48.7,7.6,0
725030,2020-03-27,55.9,6.6,0
744860,2020-03-27,53.5,10.1,0
725030,2020-03-26,45.6,7.8,0.01
744860,2020-03-26,43.7,10,0
725030,2020-03-25,43.6,13.3,0
744860,2020-03-25,43.9,12,0
725030,2020-03-24,43.2,9.6,1.44
744860,2020-03-24,43.2,12.2,1.28
725030,2020-03-23,38.6,12.6,0
744860,2020-03-23,38.6,14.9,0
725030,2020-03-22,39.8,10.9,0
744860,2020-03-22,39.7,12.1,0
725030,2020-03-21,54.2,13.1,0
744860,2020-03-21,54.1,13.6,0
725030,2020-03-20,54.6,6.5,0.02
744860,2020-03-20,50,5.5,0.01
725030,2020-03-19,46.1,9.3,1
744860,2020-03-19,46.1,8.7,1.07
725030,2020-03-18,48.8,8.5,0.07
744860,2020-03-18,46.9,8.9,0.12
725030,2020-03-17,45.2,8.2,0.08
744860,2020-03-17,44.4,8.3,0.06
725030,2020-03-16,40.3,11.2,0
744860,2020-03-16,39.3,9.9,0
725030,2020-03-15,47.2,8.7,0
744860,2020-03-15,47,11.3,0
725030,2020-03-14,50.9,13.8,0.12
744860,2020-03-14,51.5,14.7,0.06
725030,2020-03-13,53.1,12,0.17
744860,2020-03-13,53.3,14.9,0.29
725030,2020-03-12,45.8,6.8,0
744860,2020-03-12,43.5,5.9,0
725030,2020-03-11,53.1,9.5,0
744860,2020-03-11,51.2,9.8,0
725030,2020-03-10,61,10.5,0
744860,2020-03-10,51.7,8.9,0
725030,2020-03-09,57.5,9.9,0
744860,2020-03-09,50.2,11.3,0
725030,2020-03-08,44.8,8.8,0
744860,2020-03-08,42.9,10.7,0
725030,2020-03-07,40.7,12.9,0.14
744860,2020-03-07,39.8,17.1,0.07
725030,2020-03-06,42.4,10.2,0
744860,2020-03-06,41.3,8.5,0
725030,2020-03-05,46.4,12,0
744860,2020-03-05,46.1,12.5,0
725030,2020-03-04,51.4,15.6,0.28
744860,2020-03-04,49.7,18,0.28
725030,2020-03-03,53.2,7.8,0.01
744860,2020-03-03,47.9,9.9,0
725030,2020-03-02,45.3,8,0
744860,2020-03-02,42.5,12.1,0
725030,2020-03-01,32.1,13.7,0
744860,2020-03-01,32.2,15.1,0
725030,2020-02-29,33.6,14.5,0
744860,2020-02-29,33.5,14.1,0
725030,2020-02-28,34.5,17.9,0.45
744860,2020-02-28,34.4,22.1,1
725030,2020-02-27,42.8,17.4,0.46
744860,2020-02-27,43.1,21.7,1.01
725030,2020-02-26,44.7,6.7,0.14
744860,2020-02-26,46.3,6.7,0.2
725030,2020-02-25,49.1,5.8,0
744860,2020-02-25,45.1,5,0
725030,2020-02-24,48.9,6.4,0
744860,2020-02-24,42.9,6.7,0
725030,2020-02-23,46.6,6.8,0
744860,2020-02-23,41.6,9.8,0
725030,2020-02-22,38.1,9.3,0
744860,2020-02-22,36.9,12.1,0
725030,2020-02-21,28.3,10.3,0
744860,2020-02-21,27.8,12,0
725030,2020-02-20,33.3,10.2,0
744860,2020-02-20,33.7,11.2,0
725030,2020-02-19,43.5,11.3,0
744860,2020-02-19,45,11.6,0
725030,2020-02-18,40.6,9.6,0
744860,2020-02-18,41.6,9.1,0
725030,2020-02-17,43.4,4.7,0
744860,2020-02-17,40.8,3.7,0
725030,2020-02-16,34.2,7.9,0
744860,2020-02-16,34.5,11.8,0
725030,2020-02-15,21.5,8.7,0
744860,2020-02-15,21.2,9.8,0
725030,2020-02-14,34.9,15.5,0
744860,2020-02-14,35.7,15.1,0.12
725030,2020-02-13,39.4,6.2,0.52
744860,2020-02-13,40.1,6.3,0.31
725030,2020-02-12,42.5,11.5,0.13
744860,2020-02-12,43,12.8,0.14
725030,2020-02-11,43.8,6,0.54
744860,2020-02-11,45,5.4,0.55
725030,2020-02-10,43.3,8.8,0.02
744860,2020-02-10,43.4,13.7,0.02
725030,2020-02-09,34.9,9,0
744860,2020-02-09,36.7,7.7,0
725030,2020-02-08,34.4,14.9,0.16
744860,2020-02-08,35.2,15,0.15
725030,2020-02-07,40.5,13.3,0.19
744860,2020-02-07,42.5,14.1,0.19
725030,2020-02-06,38.3,9.4,0.5
744860,2020-02-06,40.5,7,0
725030,2020-02-05,44.4,7.6,0.01
744860,2020-02-05,43.8,8.1,0.03
725030,2020-02-04,46.4,5.3,0
744860,2020-02-04,45.3,5.2,0
725030,2020-02-03,44.1,7.7,0.05
744860,2020-02-03,42.2,9.7,0.01
725030,2020-02-02,39.1,7.1,0.02
744860,2020-02-02,39.4,8.1,0.04
725030,2020-02-01,38.8,4.6,0.01
744860,2020-02-01,38.9,4.1,0.02
725030,2020-01-31,35.6,5.4,0
744860,2020-01-31,36.4,5.2,0
725030,2020-01-30,30.8,8.2,0
744860,2020-01-30,31.3,7.2,0
725030,2020-01-29,36.2,11.6,0
744860,2020-01-29,37,14.1,0
725030,2020-01-28,39.6,13.5,0
744860,2020-01-28,41,14.4,0
725030,2020-01-27,40.5,12.2,0
744860,2020-01-27,40.5,12.7,0
725030,2020-01-26,42.7,10,0.78
744860,2020-01-26,42.5,11.3,0.89
725030,2020-01-25,41.4,12.6,0
744860,2020-01-25,42,13.5,0
725030,2020-01-24,40.6,5.2,0
744860,2020-01-24,40.6,4.2,0
725030,2020-01-23,37.9,3.5,0
744860,2020-01-23,34.5,5.2,0
725030,2020-01-22,31.1,4.2,0
744860,2020-01-22,29.7,4.8,0
725030,2020-01-21,25.8,9.4,0
744860,2020-01-21,25.8,8.8,0
725030,2020-01-20,27.4,16.3,0
744860,2020-01-20,27.8,16.5,0
725030,2020-01-19,38.6,12.7,0.18
744860,2020-01-19,39.7,14.1,0.58
725030,2020-01-18,23.6,7.3,0
744860,2020-01-18,24.7,8.5,0
725030,2020-01-17,29.3,19.2,0.02
744860,2020-01-17,29.8,21.2,0
725030,2020-01-16,45,14,0.1
744860,2020-01-16,44.9,15.1,0.03
725030,2020-01-15,44.4,6.7,0.07
744860,2020-01-15,45.6,6.9,0.03
725030,2020-01-14,41.2,6.3,0
744860,2020-01-14,41.8,4.6,0
725030,2020-01-13,42.9,8.3,0
744860,2020-01-13,44.3,7.5,0
725030,2020-01-12,60.2,14,0.06
744860,2020-01-12,57.8,19.6,0.03
725030,2020-01-11,54.8,8.9,0
744860,2020-01-11,50,12,0
725030,2020-01-10,40.1,7.9,0
744860,2020-01-10,39.1,7.8,0
725030,2020-01-09,28.8,12.8,0
744860,2020-01-09,29,13,0
725030,2020-01-08,36.5,13,0
744860,2020-01-08,36.6,14.7,0.03
725030,2020-01-07,41.2,8.8,0
744860,2020-01-07,40.2,8.5,0
725030,2020-01-06,37.2,10.3,0.02
744860,2020-01-06,37.5,11.8,0.03
725030,2020-01-05,40.3,19,0.01
744860,2020-01-05,41.3,19.7,0.02
725030,2020-01-04,47.1,4.4,0.32
744860,2020-01-04,47.1,5.2,0.23
725030,2020-01-03,46.6,4.7,0.05
744860,2020-01-03,44.1,5.6,0.04
725030,2020-01-02,39.8,8.6,0
744860,2020-01-02,37.9,10.1,0
725030,2020-01-01,39.8,13.7,0.01
744860,2020-01-01,39.8,15.1,0
